code,date,plays,likes,comments,duration,video,topic
DZQC_S6ojbm,,205129,3,22,0,0,
DYU-1S8IAqu,,276207,1764,16,0,0,
DXrybZmCBg4,,299844,7116,67,0,0,
DT8TwYLiO67,,412023,6806,99,0,0,
DTYMCRXCL69,,199113,1113,8,0,0,
DSvENN_k96U,,291728,1516,7,0,0,
DO1UTnaCInf,,434134,10941,55,0,0,
DOMNA9SiDUg,,584119,28279,140,0,0,
DLX4BRHo2bN,,426792,5799,62,0,0,
DKC6GmxInKj,,796030,7377,414,0,0,
DGga08JOTHl,,587570,22359,680,0,0,
DFvUdjGoxr_,,479693,10245,65,0,0,
DFBIWAjuKzM,,813874,15293,811,0,0,
DE5TFJzoJaO,,417807,12249,63,0,0,
DDr61i-oh2q,,585251,9887,72,0,0,
DCj5imxMw6f,,607848,5587,84,0,0,
DBwmZKwMvGv,,805771,9267,58,0,0,
DBHWSQ9McKi,,925077,8989,85,0,0,
DAJep3nMFd_,,418273,7637,46,0,0,
C__KB2DsiWR,,732778,30489,277,0,0,
C_6As8aMjSF,,0,,,0,0,
C_6As8Vsn3c,,0,,,0,0,
C_6As8hM2Tp,,0,,,0,0,
C_6As8gs9pM,,0,,,0,0,
C_06oyHMd1R,,820130,16187,68,0,0,
C_vyllmscIN,,721068,19973,70,0,0,
C_bGrqGMXPZ,,692827,10619,158,0,0,
C_WA6LfsCJ1,,567418,6619,25,0,0,
C-yDYujMgoi,,690428,11050,193,0,0,
C7HuKWXM6_u,,986069,48359,860,0,0,
C3vQMzisVLJ,,0,,,0,0,
C3vQMzVMCxy,,0,,,0,0,
C3vQMzUsHD1,,0,,,0,0,
C3vQMzkMVWC,,0,,,0,0,
C1AGf5mMJRm,,0,,,0,0,
C1AGf5ZMnBZ,,0,,,0,0,
CybXjqsMvU-,,377281,22937,479,0,0,
CyWPHqdsUVa,,189852,4996,136,0,0,
Cx8lG8ZsKzC,,160327,3897,139,0,0,
Cxz5ZhOsyAN,,181037,4381,15,0,0,
Cx6A4qpsRxG,2023-10-02,5076387,168109,279,0,1,
Cx_HIRmMsBD,2023-10-04,0,6586,103,0,0,Paşam
CyBpAfpMm-3,2023-10-05,0,2004,15,0,0,Real
CyeDGCksrDX,2023-10-16,2889378,116467,3183,0,1,
Cygng5JMABw,2023-10-17,2070899,132599,3592,0,1,
C0W7FSssHI4,2023-12-02,1614974,87510,1674,0,1,
C0mcZLnM-o_,2023-12-08,5221596,187186,549,0,1,
C07GwR-MKBN,2023-12-16,4751487,118698,1849,0,1,Bu kadar kolay mı
C1AGf8vMoWU,2023-12-18,0,20454,168,0,0,
C1NIjK9st17,2023-12-23,1309448,53001,193,0,1,
C1SVdWlM44e,2023-12-25,11362390,177474,1733,0,1,"Kırkağaç olayı, 1996 yılında Manisa’nın Kırkağaç ilçesinde meydana gelen ve Türkiye’nin en"
C1Xeju9MYtF,2023-12-27,11197617,255705,2660,0,1,"Davutlu köyü olayı, 1988-1989 yılları arasında Kırklareli’nin Demirköy ilçesine bağlı Davu"
C1coafqsr0M,2023-12-29,11101385,344332,1796,0,1,"Prof. Dr. Engin Arık, 1964 yılında Ankara’da doğdu. 1987 yılında Ankara Üniversitesi Fizik"
C1mw2acMxCi,2024-01-02,9106455,138044,1484,0,1,"Pippa Bacca, 1974 yılında Milano’da doğan İtalyan bir sanatçıydı. 2008 yılında arkadaşı Si"
C1r7e7QslCJ,2024-01-04,17837750,358658,2088,0,1,"Tarsus kazı olayı, 2016 yılında Mersin’in Tarsus ilçesinde meydana gelen ve Türkiye’de büy"
C12OZjesdVM,2024-01-08,20200705,395302,2656,0,1,"129 nolu apartman olayı, 2009 yılında Antalya’nın Muratpaşa ilçesinde bulunan İşçi Bloklar"
C17XzRgslL9,2024-01-10,9109870,122610,1372,0,1,"2000-2001 yılları arasında İstanbul’un çeşitli semtlerinde, çöp kutularında poşete konulmu"
C2AhL1JsvoW,2024-01-12,11987723,183125,1814,0,1,"Epstein adası, Amerikalı milyarder Jeffrey Epstein’in 1998’den 2019’daki *lümüne kadar öze"
C2FriLUM2DR,2024-01-14,22225177,385892,2045,0,1,"Issız Cuma Mezarlığı, Türkiye’nin Çanakkale ilinin Yenice ilçesine bağlı Seyvan köyünde bu"
C2K0iukMoT1,2024-01-16,4029701,57931,505,0,1,ABD’nin New York kentindeki Chabad Lubavitch sinagogunun altındaki gizli tünel skandalı or
C2P-JR7M4_4,2024-01-18,17671780,306811,2344,0,1,"Kapalak Kızı, Türkiye’de bir efsane olarak bilinir. 1990’lı yıllarda Giresun’da yaşandığı "
C2VHxvGsdJm,2024-01-20,11940341,180019,1354,0,1,"Malatya’nın Arguvan ilçesine bağlı Kızık köyünde, yaklaşık 700 yıl önce yaşanan bir olay n"
C2aRjvzsvxt,2024-01-22,5642568,98323,734,0,1,"Çivici K4til olarak bilinen Süleyman Aktaş, 1957 yılında Denizli’nin Çambaşı köyünde doğdu"
C2fa0rXMsis,2024-01-24,19931525,313438,2946,0,1,"Balıkesir’in Havran ilçesinde bulunan “Korkunç Karanlık Ağız” olarak bilinen mağara, bölge"
C2kkZ8BsngB,2024-01-26,28092940,617475,1979,0,1,"Sakarya kezzap olayı, 11 Ağustos 1965 tarihinde Sakarya’nın Hendek ilçesinde meydana gelen"
C2u31MTMSSF,2024-01-30,9700294,101044,1338,0,1,"Fahire Kara, 1990 yılında eşi Abdullah Kara ile birlikte hac ibadetini yerine getirmek içi"
C20Br-dML_G,2024-02-01,17250359,268021,1191,0,1,"28 Ocak 2024 tarihinde Pegasus Havayollarına ait bir Airbus A321neo tipi uçak, Sabiha Gökç"
C2-Uh_psijr,2024-02-05,12829514,191623,1290,0,1,"Bitlisli Belkıs, 1960’lı yıllarda Bitlis’in Mutki ilçesinde yaşayan ve doğaüstü güçlere sa"
C3DeLN1sU7O,2024-02-07,16526531,575603,3261,0,1,"Kahramanmaraş’ta meydana gelen depremde, 4 yıl önce vefat eden bir annenin, enkaz altında "
C3InnTSMtkL,2024-02-09,12011935,401221,2859,0,1,"Kahramanmaraş’ta 7,7 büyüklüğünde meydana gelen deprem, binlerce insanın hayatını altüst e"
C3N0TBHszKz,2024-02-11,3336302,51471,932,0,1,"Müslim Koca adlı bir adam, askerliğini yaparken uğradığı iftiradan kurtulduğu takdirde ilk"
C3S6vU3s9Y_,2024-02-13,6694966,105892,559,0,1,"Taured’li adam, 1954 yılında Japonya’nın Tokyo kentindeki Haneda Havalimanı’na gelen ve ke"
C3YEVeAst9F,2024-02-15,5934589,101605,461,0,1,"Erzincan İliç Maden faciası, 13 Şubat 2024’te Erzincan’ın İliç ilçesindeki bir altın maden"
C3dONp_s0AN,2024-02-17,2881217,37210,162,0,1,"Molla Zeyrek Camii, İstanbul’un Fatih ilçesinde bulunan tarihi bir camidir. Cami, Bizans d"
C3iXf2zsRvo,2024-02-19,17447071,280054,946,0,1,"Şükran Aktaş, Türkiye’de birçok kişiyi şaşırtan ve bir TV programında işlenen bir olayın m"
C3nhDddseTi,2024-02-21,2874019,108726,569,0,1,"1950-1953 yılları arasında Kore Savaşı tüm şiddetiyle devam ederken, Türkiye Birleşmiş Mil"
C3vQM2-srEJ,2024-02-24,0,106441,430,0,0,
C329v2xs_L4,2024-02-27,7313944,173690,,0,1,"Bekir Çınar, 2009-2010 sezonunda Adana Demirspor’un kulüp başkanlığını yapan bir iş insanı"
C38HZEnskuD,2024-02-29,4094045,73830,456,0,1,"Challenger Uzay Mekiği faciası, 28 Ocak 1986’da gerçekleşti ve yedi cesur astronotun hayat"
C4GanZXMJhz,2024-03-04,4251128,57553,398,0,1,"İnsanlık tarihinin en gizemli ve ilginç olaylarından biri olan ‘Belmez Yüzleri’, bu makale"
C4I_b32M0HF,2024-03-05,2077437,54389,418,0,1,1958’de Yaşayan Son Berberi Aslanı Kameraya Yakalandı. Kısa bir süre sonra hayatını kaybet
C4QuRaAs3TG,2024-03-08,5879410,275359,785,0,1,"14 yıl önce Adana’da yaşayan Mediha Duru’nun hayatı, eşinin geçirdiği bir kaza sonucu tama"
C4V3eMFM6lF,2024-03-10,27531231,584231,2356,0,1,6 Şubat 2023 tarihinde Kahramanmaraş merkezli 7.7 ve 7.6 büyüklüğünde iki deprem meydana g
C4bBiZOM9e4,2024-03-12,11292537,169375,802,0,1,Afyonkarahisar’ın Çavuşbaş Mahallesi’nde Göksu Caddesi’nde bulunan ve “Askeri Baba” olarak
C4gKjtiMkQo,2024-03-14,8378760,159076,955,0,1,"Mariana Çukuruna düşen tek insan Cemil Çakır’dır. 2013 yılında, 26 yaşındayken, Tayvan’dan"
C4lUIBHsans,2024-03-16,3943338,69045,374,0,1,"Ahmet Delibalta ve Erkan Kılıç’ın hikayesi, Türkiye’de oldukça ilginç bir reenkarnasyon va"
C4qdt1LMr23,2024-03-18,7487661,69346,1117,0,1,"Tuğçe Sayın, annesi Sevilay Palabıyık’ı *ld*rdükten sonra kafasını k3s*p bir tencereye koy"
C40z1T4Mpau,2024-03-22,4902318,303742,517,0,1,John her Sevgililer Günü’nde Diana’ya çiçek ve şu içten mesajı içeren bir not verirdi: “Se
C458aaFs7TI,2024-03-24,3138402,46483,292,0,1,"1919’da Boston’un Kuzey Yakası’nda, tatlı bir felaket gerçekleşti: Elma Pekmezi Tsunamisi."
C4_D5YXsaQF,2024-03-26,4376361,83776,550,0,1,"1983 yılında bir gece, Agra Delhi’de, bir işadamı olan Suresh Varma, bazı yabancılar taraf"
C5JbjbAMQs_,2024-03-30,2282516,94871,250,0,1,"Jadav Payeng, yıkanmış bir araziyi tek başına 1.360 dönümlük bir ormana dönüştürdü. Bu orm"
C5OmbnxsUwX,2024-04-01,2635401,68731,392,0,1,2006 yılında Ukrayna’da Sergei Ponomeranko adında bir kişi hakkında bir rapor yazıldı. Çün
C5Yys6UsLvM,2024-04-05,6612978,93451,703,0,1,"Zeliha, torun sahibi olma umuduyla üç harflilerle anlaşma yapar. Ancak, torunu Nazar’ı, ad"
C5eFZ68sG8T,2024-04-07,8700012,141347,665,0,1,"Aralık 1984’te Sumitra, kocası ve çocuğuyla birlikte Hindistan’ın Itawa şehrinde yaşıyordu"
C5ob0IosYoX,2024-04-11,17063272,327516,1746,0,1,"Likai, bir köyde genç bir anne olarak yaşamaktadır ve bu köy şelalenin yakınındadır. Genç "
C5tjeh5swOO,2024-04-13,2858911,42783,220,0,1,"Uttarakhand’ın Tehri Garhwal bölgesinde, Khait Parvat (Khait Dağı) adı verilen bir dağ var"
C5yqlVIMnP-,2024-04-15,4743864,114660,392,0,1,İngiltere’nin Hexham kentinde John Pollock ve Florence Pollock adında bir çift yaşıyordu. 
C6hEzPMsZiW,2024-05-03,2179764,24876,347,0,1,"Aralık 2018’de Mitesh Patel, eşi Jessica ile birlikte İngiltere’nin Middlesbrough şehrinde"
C6osroIMi3c,2024-05-06,1839806,62032,338,0,1,
C6t6opssPnT,2024-05-08,1068693,27574,158,0,1,
C61p3Z_sjfc,2024-05-11,3141330,81048,451,0,1,"Blackheath, Londra’da, 1908 yılında, 3 yaşındayken Dorothy Eady bir gün merdivenlerden düş"
C69YpgTs40O,2024-05-14,3272154,170732,1270,0,1,
C6_9umIszbZ,2024-05-15,1201806,21057,428,0,1,"Ata Emre Akman, Balıkesir’de bir zincir restoranda kurye olarak çalışan ve üniversite öğre"
C7R8YiVsXn1,2024-05-22,1494500,34521,81,0,1,
C7cV8Nds1NA,2024-05-26,1437357,52225,1195,0,1,
C9vCFvusp7O,2024-07-22,2186764,30514,418,0,1,"Florida’da 2019 yılında iki kadını vahşice *ldüren dövmeli bir hükümlü k4til, kadınlar tar"
C-YT67TMglP,2024-08-07,0,23886,93,0,0,"Instagram’a girmek, kitap okumak, oyun oynamak bile yasaklandı diyecek söz yok"
C_Lne48sch7,2024-08-27,5680117,123831,1781,0,1,Diyarbakır’ın Bağlar ilçesine bağlı kırsal Tavşantepe Mahallesi’nde yaşayan 8 yaşındaki Na
C_Q0jbWszq1,2024-08-29,1158115,26220,156,0,1,
C_ldvGTM2pP,2024-09-06,2197961,34063,301,0,1,"KPSS’ye hazırlanan İsmail Koç, evde masaüstü bilgisayarının kasasını tamir etmek isterken "
C_6AtFOMtsj,2024-09-14,0,11865,88,0,0,"Thunderbird, balina büyüklüğünde bir hayvanın bedeninde olduğu söylenen bilge bir ruh olar"
DATvUnoMg14,2024-09-24,0,32377,367,0,0,
DAY6ngEs_Zu,2024-09-26,0,21547,155,0,0,
DAq72GVM288,2024-10-03,0,21840,95,0,0,
DAtmlqGMZyi,2024-10-04,0,29546,153,0,0,
DDhqlaSov6J,2024-12-13,2505742,214758,2261,0,1,"6 yaşındaki Bridger Walker, 4 yaşındaki kız kardeşini bir köpek saldırısından koruduğu içi"
DFqOUe9I5V8,2025-02-04,2149033,53850,910,0,1,"Aydın’da bir vatandaş, taşıdığı erzak kolisini aniden elinden düşürdü. Koli açılınca içind"
DHG1zoiIf5X,2025-03-12,6236252,400578,2253,0,1,"James Harrison, “Altın Kollu Adam” olarak bilinen Avustralyalı bir kan plazması bağışçısıy"
DKIERuPMLe4,2025-05-26,4718176,386591,1584,0,1,"İstanbul Sancaktepe’de, lösemiyi yenen Ali Asaf Demir isimli küçük bir çocuğun dileği, bin"
DNJFCYcokzh,2025-08-09,2178988,22731,193,0,1,"Savaş sırasında nadir görülen ve “ghost tank” (hayalet tank) olarak adlandırılan bu durum,"
DOgv5RuCAoo,2025-09-12,3381113,50344,767,0,1,"Iryna Zarutska, 22 Mayıs 2002’de Kiev’de doğmuş genç bir Ukraynalıydı. Rusya-Ukrayna savaş"
DPExrz4COLI,2025-09-26,1043188,12959,89,0,1,"24 yaşındaki Güney Afrikalı hafif siklet boksör Simiso Buthelezi, 5 Haziran 2022’de Siphes"
DSQKnqbE7H0,2025-12-14,5008213,23100,299,0,1,"14 Mayıs 2008 gecesi, 19 yaşındaki Brandon Swanson üniversite bitişi eve dönerken arabasın"
DSc9k_dk4G6,2025-12-19,1731433,8229,40,0,1,June ve Jennifer Gibbons’ın 1970’ler Britanyası’nda geçen hayatı sıra dışı ve karanlık. Ba
DSiKORAk2jV,2025-12-21,1300912,5885,45,0,1,"1978 yılının Şubat ayında, Kaliforniya’da beş genç adam bir basketbol maçını izledikten so"
DeFC0Lujo9s,2026-10-04,0,2,,0,0,TVT=× TONE PIECE. エルバフ編 最新情報を発表&最新PV公開 オープニング主題歌＆エンディング主題歌、さらにエルバフ編の重要キャラクター 「ロキ」のキャストが決定し
DeReUyvNyxy,2026-10-09,0,14714,384,0,0,あらゆる追いかけっこを繰り広げる！「トムとジェリー 公式 Instagramです！ Cartoon Networkにて『まいにちトムとジェリー』放送中！『映画トムとジェリー』デジタ
DeRUMcBlE3j,2026-10-09,0,2018,30,0,0,"Araştırmalara göre; erkeklerin çoğu kavga anında geri adım atarken, kadınların siniri orta"
DeQq8zGNOUd,2026-10-09,0,7237,6,0,0,"Gerçektende buluyor be  . . . Asena Keskinci, tam adıyla Reyhan Asena Keskinci, 20 Nisan 2"
